<?xml version="1.0" encoding="utf-8" ?>
<dwsync>
<file name="nm_mailchimp_style.css" server="192.168.1.13//srv/www/htdocs/wordpress/" local="129554449697653944" remote="129554448650000000" />
<file name="btn-email.jpg" server="192.168.1.13//srv/www/htdocs/wordpress/" local="129552711374477102" remote="129554445240000000" />
<file name="emailbox-back.jpg" server="192.168.1.13//srv/www/htdocs/wordpress/" local="129552711357686141" remote="129554445230000000" />
<file name="form.php" server="192.168.1.13//srv/www/htdocs/wordpress/" local="129555369631710238" remote="129555368570000000" />
<file name="index.php" server="192.168.1.13//srv/www/htdocs/wordpress/" local="129554375646848480" remote="129554374600000000" />
<file name="options.php" server="192.168.1.13//srv/www/htdocs/wordpress/" local="129554373341506622" remote="129554372300000000" />
<file name="control.php" server="192.168.1.13//srv/www/htdocs/wordpress/" local="129554455729738959" remote="129554454680000000" />
<file name="nm_mailchimp.php" server="192.168.1.13//srv/www/htdocs/wordpress/" local="129555339152796944" remote="129555338090000000" />
</dwsync>